,AL,AME,AMMC,AOTU,ATL,AVLP,BU,CAN,CRE,EB,EPA,FB,FLA,GA,GNG,GOR,IB,ICL,IPS,LAL,LH,LO,LOP,MB_CA,MB_ML,MB_PED,MB_VL,ME,NO,PB,PLP,PRW,PVLP,SAD,SCL,SIP,SLP,SMP,SPS,VES,WED
ALIN,0.5129717361178252,0.0,0.022672338779851108,0.0,1.611395791034194e-05,0.0013374585065583809,0.0,0.00016113957910341938,0.01554996938347997,0.0,0.0,0.0,0.0014341422540204325,0.0,0.10398337039543652,1.611395791034194e-05,0.0,1.611395791034194e-05,0.027168133036836507,0.0029971961713236004,0.06843597924522221,0.0,0.0,0.0014019143381997486,0.0012730026749170132,0.0,0.000789583937606755,0.0,0.0,0.0,0.0463759708659641,0.003851235940571723,0.001982016822972058,0.07567114634696574,0.007702471881143446,0.01147313803216346,0.0042863128041509555,0.008379258113377808,0.0007573560217860711,0.038512359405717234,0.04078442747107545
ALLN,0.9888023701451951,0.0,0.0,0.0,0.0,0.0,0.0,3.265480604529518e-05,0.0018900205923186,1.2864014502692042e-05,0.0,4.9476978856507855e-06,5.7393295473549115e-05,0.0,0.0008925646985714017,1.979079154260314e-06,5.937237462780943e-06,0.0,0.0,0.0035554157006286546,0.0,0.0,0.0,0.0,2.9686187313904713e-06,0.0,0.0,0.0,0.0,0.0,0.0,0.0006798136894884179,0.0,2.473848942825393e-05,0.0,0.0,0.0,0.0,4.6508360125117385e-05,0.003985865416680273,3.958158308520628e-06
ALON,0.38873287379797467,0.0,0.004283323405100275,0.0,0.0,0.0,0.0,0.0,0.02850821206705812,0.0,0.0,0.00042549570249340483,0.005616543272912944,0.0,0.1619720307491561,0.0,0.0,0.0,0.0,0.09758034777182084,0.0,0.0,0.0,0.0,0.0005389612231583128,0.0,0.0,0.0,0.0,0.0,0.0,0.11664255524352538,0.0,0.01307690125663064,0.0,0.0,0.0,0.0,0.0,0.16795733696423,0.014665418545939352
ALPN,0.3828858724272194,0.0,3.0460105755144096e-05,0.0,0.0008950584921896188,0.0009085312312736249,1.7573137935660057e-06,0.0,0.005113783139277076,0.0,4.686170116176015e-06,1.7573137935660055e-05,9.31376310589983e-05,6.912100921359623e-05,0.0029909480766493416,4.686170116176015e-06,0.00013707047589814843,0.0005887001208446118,0.004832027161041993,0.0018328782866893437,0.30897208272730414,0.0,0.0,0.19281364097259118,1.5230052877572048e-05,0.0005640977277346878,0.00019974800120200264,0.0,0.0,7.029255174264023e-06,0.0294484787813146,0.00036024932768103117,0.003478895539996169,0.0009190751140350209,0.018581836053166944,0.005096795772605938,0.023777041398212576,0.0053141169117436006,0.0002149780540795747,0.003802827049276836,0.006027586311931399
AN,0.0005025811837546615,7.038952153426632e-07,0.007312063496979586,8.446742584111959e-06,0.0006250589512242849,0.20928775658740337,3.660255119781849e-05,0.00199554293549645,0.001659784917778,4.223371292055979e-06,0.0026762096087328056,0.00015767252823675656,0.026405221213149324,6.335056938083969e-05,0.37768764790598214,0.00177874320917091,0.005720556415089824,0.005278510219854631,0.04901503942517101,0.014974666811199817,0.0076175540204383016,0.00020061013637265903,9.854533014797286e-05,9.009858756386089e-05,0.00011473492010085411,1.900517081425191e-05,3.167528469041984e-05,7.602068325700763e-05,2.2524646890965223e-05,0.00011051154880879813,0.01766354653380879,0.015291419658104016,0.04531395838289929,0.05150471680183801,0.007618961810868987,0.002800799061848457,0.0069087315385882395,0.011440408934964305,0.03682357429543608,0.045290025945577635,0.04577219416808736
CX,8.698371413721191e-05,0.0,0.0,6.003101398201949e-05,0.0007776466556140177,0.0003047492801638234,0.0030974165530620566,0.0,0.0410633575284864,0.167492654623506,0.000179480480578895,0.6119726956896201,5.513052304471177e-06,0.005565426301363654,1.8376841014903925e-06,9.494701191033694e-06,0.0002872912811996647,0.0008468660901034892,0.0013050619927417603,0.026458975693258672,0.00012067458933120244,0.0,0.0,0.00014119539513117847,0.007747982452567076,7.320108337603396e-05,0.0002502313184862751,0.0,0.0575930197407089,0.03305534277555843,0.00029004780735190027,0.0,0.00013598862351028905,3.3690875193990527e-06,0.000418379413772646,0.0035709264898794143,0.004817795152740645,0.027766487931469085,0.0007157779575305078,0.003121919007748595,0.0006621788379037048
DAN,8.524640473288039e-05,0.0,0.0,0.0006677635037408964,0.0026312723594215746,0.0,0.0001790174499390488,0.0,0.13085891435862027,0.00565183663378997,0.0,0.001986241230276113,5.3989389664157584e-05,0.0003551933530536683,0.0,0.00013639424757260862,0.0009803336544281244,0.0027420926855743193,5.683093648858693e-06,0.0033757576274220636,0.030410234115042865,0.0,0.0,0.012517013761611271,0.41648551805660927,0.0815864924230154,0.11377837639697545,0.0,1.7049280946576078e-05,0.00010229568567945647,0.005933149769408475,0.0,0.0018612131700012219,0.0,0.010547821812281734,0.03218904242713563,0.03625813747971846,0.10673986491286397,0.0010115906694968472,0.0008524640473288039,0.0
Kenyon_Cell,0.0,0.0,0.0,0.000726527510636901,2.098857252951047e-05,0.0,0.0,0.0,0.04760800235072012,0.0033318013469281877,0.0,0.0,0.0,0.0005510845710312493,0.0,0.0,0.0,0.0032360073492293966,0.0,1.5068718739135723e-05,5.5969526745361256e-05,3.0137437478271446e-05,0.0,0.22302295719299908,0.38499984393112735,0.1489144602654032,0.154026523097655,0.0,0.0,1.0763370527954087e-06,0.007404660754706015,0.0,0.003817767526265315,0.0,0.010845172143966538,0.0064095871493966596,0.0032699119663924517,0.0017124522509974953,0.0,0.0,0.0
LA,0.0,0.0,0.0,0.0,0.0,0.0,0.0,0.0,0.0,0.0,0.0,0.0,0.0,0.0,0.0,0.0,0.0,0.0,0.0,0.0,0.0,0.0,0.0,0.0,0.0,0.0,0.0,1.0,0.0,0.0,0.0,0.0,0.0,0.0,0.0,0.0,0.0,0.0,0.0,0.0,0.0
LA>ME,0.0,0.00027092633291495944,0.0,0.0,0.0,0.0,0.0,0.0,0.0,0.0,0.0,0.0,0.0,0.0,0.0,0.0,0.0,0.0,0.0,0.0,0.0,9.201271683904283e-06,0.0,0.0,0.0,0.0,0.0,0.9997198723954012,0.0,0.0,0.0,0.0,0.0,0.0,0.0,0.0,0.0,0.0,0.0,0.0,0.0
LHCENT,4.574816549856351e-06,0.0,0.0,0.0005535528025326184,0.0006953721155781653,0.0013907442311563306,4.574816549856351e-06,0.0,0.047459146888209784,0.0,4.574816549856351e-06,0.0,3.2023715848994456e-05,0.00013724449649569052,9.149633099712701e-06,0.0,1.3724449649569053e-05,5.0322982048419856e-05,8.692151444727066e-05,0.0033853642468936996,0.3366012772887807,0.0,0.0,0.05383644115870954,0.002937032225007777,0.0,0.013193770929785716,0.0,0.0,0.0,0.025532051164748295,3.6598532398850806e-05,0.0039892400314747375,4.574816549856351e-06,0.0311910992369206,0.11031712628323605,0.2628369352388969,0.1049554412868044,3.2023715848994456e-05,0.0005901513349314693,0.00011894523029626512
LHLN,0.0,0.0,0.0,0.0,0.0,0.00010774849209424095,0.0,0.0,0.0,0.0,0.0,0.0,0.0,0.0,0.0,0.0,0.0,0.0,0.0,0.0,0.9062290091036013,0.0,0.0,0.0013617575383825346,0.0,0.0,0.0,0.0,0.0,0.0,0.0016918805779904218,0.0,0.0003713884195588731,0.0,0.001973860674322159,2.063268997549295e-05,0.08824372250407496,0.0,0.0,0.0,0.0
LO,0.0,1.4789064443783286e-05,0.0,0.0,0.0,9.569394640095067e-05,0.0,0.0,0.0,0.0,0.0,0.0,0.0,0.0,0.0,0.0,0.0,0.0,6.655078999702479e-05,6.0896147709695886e-06,1.0004367123735752e-05,0.994013908680137,0.00321357670913738,0.0,5.2196698036882185e-06,2.1748624182034242e-06,0.0,0.0023940885499583297,0.0,0.0,0.0001244021303212359,0.0,5.1326753069600815e-05,0.0,0.0,0.0,0.0,0.0,0.0,2.1748624182034242e-06,0.0
LO.LOP,0.0,0.0,0.0,0.0,0.0,0.0,0.0,0.0,0.0,0.0,0.0,0.0,0.0,0.0,0.0,0.0,0.0,0.0,0.0,0.0,0.0,0.9795708595657202,0.019401259154567647,0.0,0.0,0.0,0.0,0.0010278812797121933,0.0,0.0,0.0,0.0,0.0,0.0,0.0,0.0,0.0,0.0,0.0,0.0,0.0
LO>LOP,0.0,0.0,0.0,0.0,0.0,0.0,0.0,0.0,0.0,0.0,0.0,0.0,0.0,0.0,0.0,0.0,0.0,0.0,0.0,0.0,0.0,0.43320038854067044,0.5453350477035362,0.0,0.0,0.0,0.0,0.02146456375579333,0.0,0.0,0.0,0.0,0.0,0.0,0.0,0.0,0.0,0.0,0.0,0.0,0.0
LO>ME,0.0,0.002307108337808062,0.0,0.0,0.0,5.554835484289074e-06,0.0,0.0,0.0,0.0,0.0,0.0,0.0,0.0,0.0,0.0,0.0,0.0,1.2961282796674506e-05,0.0,1.851611828096358e-06,0.690871553687485,0.07596978169496547,0.0,0.0,0.0,0.0,0.2306589886496195,0.0,0.0,0.0001721999000129613,0.0,0.0,0.0,0.0,0.0,0.0,0.0,0.0,0.0,0.0
LOP,0.0,0.0,0.0,0.0,0.0,0.0,0.0,0.0,0.0,0.0,0.0,0.0,0.0,0.0,0.0,0.0,0.0,0.0,0.0,0.0,0.0,0.012296385637980623,0.9763096042801539,0.0,0.0,0.0,0.0,0.011394010081865455,0.0,0.0,0.0,0.0,0.0,0.0,0.0,0.0,0.0,0.0,0.0,0.0,0.0
LOP>LO,0.0,0.0,0.0,0.0,0.0,0.0,0.0,0.0,0.0,0.0,0.0,0.0,0.0,0.0,0.0,0.0,0.0,0.0,4.662990157982107e-06,0.0,0.0,0.21467474089318023,0.7588767789307452,0.0,0.0,0.0,0.0,0.026443817185916527,0.0,0.0,0.0,0.0,0.0,0.0,0.0,0.0,0.0,0.0,0.0,0.0,0.0
LOP>LO.ME,0.0,0.0,0.0,0.0,0.0,0.0,0.0,0.0,0.0,0.0,0.0,0.0,0.0,0.0,0.0,0.0,0.0,0.0,0.0,0.0,0.0,0.1721428346770389,0.6943008712244321,0.0,0.0,0.0,0.0,0.1335562940985291,0.0,0.0,0.0,0.0,0.0,0.0,0.0,0.0,0.0,0.0,0.0,0.0,0.0
LOP>ME,0.0,0.0,0.0,0.0,0.0,0.0,0.0,0.0,0.0,0.0,0.0,0.0,0.0,0.0,0.0,0.0,0.0,0.0,0.0,0.0,0.0,0.015202702702702704,0.6908783783783784,0.0,0.0,0.0,0.0,0.2939189189189189,0.0,0.0,0.0,0.0,0.0,0.0,0.0,0.0,0.0,0.0,0.0,0.0,0.0
LOP>ME.LO,0.0,0.0007144099267598085,0.0,0.0,0.0,0.0,0.0,0.0,0.0,0.0,0.0,0.0,0.0,0.0,0.0,0.0,0.0,0.0,4.065135515809237e-05,0.0,0.0,0.2826902765722476,0.3555186849437167,0.0,0.0,0.0,0.0,0.3610359772021178,0.0,0.0,0.0,0.0,0.0,0.0,0.0,0.0,0.0,0.0,0.0,0.0,0.0
MBIN,0.0,0.0,0.0,0.0023685397764298963,0.0,0.0,0.0,0.0,0.03952579076645446,0.003045265426838438,0.0,0.0,0.0,0.0013785152137951776,0.0,0.0,0.0,0.003396160208531756,0.0,1.253195648904707e-05,0.0006516617374304476,0.000538874129029024,0.0,0.2400370945912076,0.3110180961451702,0.20299263120958444,0.16984560629605494,0.0,0.0,0.0,0.0030703293398165322,0.0,0.0001629154343576119,0.0,0.014173642789112236,0.003922502381071733,0.002518923254298461,0.0013409193443280364,0.0,0.0,0.0
MBON,0.0019142643518452655,0.0,0.0,0.0015649229631104979,4.900263823881357e-05,0.0011539330940107712,0.0002497553819913724,0.0006496801392307218,0.19105338284180526,0.0025987205569228873,1.4226572391913615e-05,9.168235541455442e-05,0.0009926986069024168,0.0003414377374059268,0.00037621380325282675,0.0,0.00026082049385174963,0.004533534402223139,0.0,0.04798939013845616,0.021034777646577164,0.0,0.0,0.015097554768351883,0.3084510582198764,0.04713263433440981,0.1493774293848272,0.0,0.00014384645418490433,0.0,0.0065679342542667865,0.0,0.005009334212219361,0.00046789615866738113,0.0074057212951239215,0.04685126434710307,0.019835003374859116,0.10282650378822009,0.001778321548989202,0.014182311944472108,4.7421907973045385e-06
ME,0.0,0.0016206325359505445,0.0,0.0,0.0,0.0,0.0,0.0,0.0,0.0,0.0,0.0,0.0,0.0,0.0,0.0,0.0,0.0,0.0,0.0,0.0,0.019037824652962953,0.00582680127255368,0.0,0.0,0.0,0.0,0.9735000118799507,0.0,0.0,1.3397327655037614e-05,0.0,1.3323309270203152e-06,0.0,0.0,0.0,0.0,0.0,0.0,0.0,0.0
ME.LO,0.0,0.0009379606056545625,0.0,0.0,0.0,0.0,0.0,0.0,0.0,0.0,0.0,0.0,0.0,0.0,0.0,0.0,0.0,0.0,0.0,0.0,0.0,0.3621260440394837,0.0038054401715127964,0.0,0.0,0.0,0.0,0.6323248023583009,0.0,0.0,0.0006235204788065568,0.0,0.00018223234624145787,0.0,0.0,0.0,0.0,0.0,0.0,0.0,0.0
ME.LO.LOP,0.0,0.0032734712434644236,0.0,0.0,0.0,0.0,0.0,0.0,0.0,0.0,0.0,0.0,0.0,0.0,0.0,0.0,0.0,0.0,0.0,0.0,0.0,0.4947488065469425,0.04141850420550125,0.0,0.0,0.0,0.0,0.46055921800409183,0.0,0.0,0.0,0.0,0.0,0.0,0.0,0.0,0.0,0.0,0.0,0.0,0.0
ME.LOP,0.0,0.0,0.0,0.0,0.0,0.0,0.0,0.0,0.0,0.0,0.0,0.0,0.0,0.0,0.0,0.0,0.0,0.0,0.0,0.0,0.0,0.06742102781706742,0.553041018387553,0.0,0.0,0.0,0.0,0.3795379537953795,0.0,0.0,0.0,0.0,0.0,0.0,0.0,0.0,0.0,0.0,0.0,0.0,0.0
ME>LA,0.0,0.00043010752688172043,0.0,0.0,0.0,0.0,0.0,0.0,0.0,0.0,0.0,0.0,0.0,0.0,0.0,0.0,0.0,0.0,0.0,0.0,0.0,0.011138705178386646,0.005454627255140145,0.0,0.0,0.0,0.0,0.9829756602330499,0.0,0.0,8.998065415935573e-07,0.0,0.0,0.0,0.0,0.0,0.0,0.0,0.0,0.0,0.0
ME>LO,0.0,0.0010814011463546166,0.0,0.0,0.0,1.8139021562249257e-06,0.0,0.0,0.0,0.0,0.0,0.0,0.0,0.0,0.0,0.0,0.0,0.0,1.9716327785053543e-06,0.0,9.4638373368257e-07,0.33031347541602635,0.008643953562212033,0.0,0.0,0.0,0.0,0.6598540707828786,0.0,0.0,0.00010197284730429691,0.0,3.943265557010708e-07,0.0,0.0,0.0,0.0,0.0,0.0,0.0,0.0
ME>LO.LOP,0.0,0.0010586188161373284,0.0,0.0,0.0,1.9838253757551246e-06,0.0,0.0,0.0,0.0,0.0,0.0,0.0,0.0,0.0,0.0,0.0,0.0,1.1654974082561357e-05,0.0,5.703497955295983e-06,0.34384182166748956,0.1256609548201129,0.0,0.0,0.0,0.0,0.5294192623988466,0.0,0.0,0.0,0.0,0.0,0.0,0.0,0.0,0.0,0.0,0.0,0.0,0.0
ME>LOP,0.0,7.428231507176095e-05,0.0,0.0,0.0,0.0,0.0,0.0,0.0,0.0,0.0,0.0,0.0,0.0,0.0,0.0,0.0,0.0,0.0,0.0,0.0,0.06907530596160873,0.5151563099203126,0.0,0.0,0.0,0.0,0.4156941018030069,0.0,0.0,0.0,0.0,0.0,0.0,0.0,0.0,0.0,0.0,0.0,0.0,0.0
ME>LOP.LO,0.0,0.0010113821946993624,0.0,0.0,0.0,7.046515290938181e-05,0.0,0.0,0.0,0.0,0.0,0.0,0.0,0.0,0.0,0.0,0.0,0.0,0.00010362522486673797,0.0,0.0,0.278615069594701,0.0196224725807655,0.0,0.0,0.0,0.0,0.700527245144122,0.0,0.0,4.9740107936034224e-05,0.0,0.0,0.0,0.0,0.0,0.0,0.0,0.0,0.0,0.0
TuBu,0.0,0.0,0.0,0.5199698331395531,0.0,0.0,0.10002199666907582,0.0,0.12393551833579486,0.0,0.0,0.21269207805675142,0.0,0.023112214436099676,0.0,0.0,0.0,0.0037865694623385603,0.0,0.004273638563303271,0.0,0.0,0.0,0.0,0.0,0.005074945793922634,0.00018854287779279137,0.0,0.0,0.0,0.0,0.0,0.0,0.0,0.00020425478427552399,0.0005184929139301763,0.006221914967162115,0.0,0.0,0.0,0.0
bilateral,0.0,0.004957383402905703,0.0,0.003703015178231078,0.00016712391017371497,0.0014064697609001407,0.0,0.0,0.0,0.0,0.0,0.0,0.0,0.0,0.0008262305671509504,0.0003286144301168553,0.002439257969838829,0.0007905524290239776,0.013178377546057659,0.0,5.257830881869685e-05,0.2857875197872832,0.07843932557052159,0.00029293629198988246,0.0,0.0,3.755593487049775e-06,0.5620151763532811,0.0,3.3800341383447974e-05,0.018058771282478844,0.0,0.0037086485684616525,0.0005670946165445159,1.6900170691723987e-05,0.0,1.50223739481991e-05,0.0009219982010707197,0.02114211353534671,0.0,0.0011473338102937062
brain_motor_neuron,0.0,0.0,0.0003519505009863304,0.0,0.0,0.0,0.0,0.0,0.0,0.0,0.0,0.0,0.0016902314183170682,0.0,0.8834218278831698,0.0,0.00010862669783528717,0.0,0.053848426650908554,0.0,0.0,0.0,0.0,0.0,0.0,0.0,0.0,0.0,0.0,0.0,0.001090612046266283,0.04455867145203479,0.0,0.005891912090585976,0.0,0.0,0.0,0.0,0.009029051124069069,0.0,8.690135826822974e-06
gustatory,0.002472187886279357,0.0,0.0,0.0,0.0,0.0,0.0,0.0,0.0,0.0,0.0,0.0,0.03879394007498289,0.0,0.5862711847092115,0.0,0.0,0.0,0.0,0.0,0.0,0.0,0.0,0.0,0.0,0.0,0.0,0.0,0.0,0.0,0.0,0.3095955623205876,0.0,0.06083931800304426,0.0,0.0,0.0,0.0,0.0,0.0020278070058944316,0.0
hygrosensory,0.958246740978651,0.0,0.0,0.0,0.0,0.0,0.0,0.0,0.0,0.0,0.0,0.0,0.0,0.0,0.0,0.0,0.0,0.0,0.0,0.04112349644184143,0.0,0.0,0.0,0.0,0.0,0.0,0.0,0.0,0.0,0.0,0.0,0.0,0.0,0.0,0.0,0.0,0.0,0.0,0.0,0.0006297625795075257,0.0
mAL,0.002676266489827819,0.0,0.0,0.000615778130402861,0.0,0.03152310352177723,0.0,0.0,0.00658408924046136,0.0,0.0,0.0,0.025838997702673897,0.0,0.12190038604552021,0.0,0.0,0.0,0.0,0.0010184022925893471,0.07159604954645572,0.0,0.0,0.0,0.001444710229022097,0.00028420529095516664,0.0030078393292755135,0.0,0.0,0.0,0.0,0.05615422873789167,0.02787580228785259,0.022783790824905857,0.009947185183430832,0.10153234019373328,0.508443265518793,0.0021552234564100135,0.0,0.0046183359780214575,0.0
mechanosensory,2.0472631163029705e-06,0.0,0.10505940133931953,0.0,0.0,0.0015456836528087426,0.0,1.2283578697817823e-05,0.0,0.0,0.0,0.0,0.001029773347500394,0.0,0.6877391459227732,0.0,0.0,0.0,0.004958471267685794,0.0,0.0,0.0,0.0,0.0,0.0,0.0,0.0,0.0,0.0,0.0,0.0,0.0032879045647825705,9.417410334993664e-05,0.17444524287705981,0.0,0.0,0.0,0.0,0.0,1.8425368046726732e-05,0.02180744671485924
neck_motor_neuron,0.0,0.0,0.0,0.0,0.0,0.0,0.0,0.0,0.0,0.0,0.0,0.0,0.0,0.0,0.6861386138613862,0.0,0.0,0.0,0.31386138613861386,0.0,0.0,0.0,0.0,0.0,0.0,0.0,0.0,0.0,0.0,0.0,0.0,0.0,0.0,0.0,0.0,0.0,0.0,0.0,0.0,0.0,0.0
ocellar,0.0,0.0,0.000959101185175036,0.0,0.00017126806878125643,0.00013701445502500514,0.0,0.000239775296293759,0.0,0.0,0.0013358909364938,0.0,0.0,0.0,0.00774131670891279,0.004315955333287662,0.022744399534150854,0.006062889634856477,0.3857299445091457,0.0,0.0,0.0,0.0,0.0,0.0,0.0,0.0,0.0,0.0,0.0012673837089812975,0.09135438788792218,0.0,0.0,0.019832842364869492,0.0,0.0,0.0,0.0002740289100500103,0.446701376995273,0.00013701445502500514,0.010995410015756662
olfactory,0.9828693721443605,0.0,0.0,0.0,0.0,0.0,0.0,0.0,0.009218260691000565,4.812875404281534e-05,0.0,0.0,9.625750808563068e-05,0.0,0.0003272755274911443,0.0,0.0,0.0,0.0,0.007415036706196416,0.0,0.0,0.0,0.0,0.0,0.0,0.0,0.0,0.0,0.0,0.0,1.2834334411417424e-05,0.0,0.0,0.0,0.0,0.0,0.0,0.0,1.2834334411417424e-05,0.0
optic_lobes,0.0,0.22380239520958084,0.0,0.0,0.0,0.0,0.0,0.0,0.0,0.0,0.0,0.0,0.0,0.0,0.0,0.0,0.0,0.0,0.0,0.0,0.0,0.0531437125748503,0.0,0.0,0.0,0.0,0.0,0.7035928143712575,0.0,0.0,0.0,0.0,0.019461077844311378,0.0,0.0,0.0,0.0,0.0,0.0,0.0,0.0
pars_intercerebralis,0.0018186905428091774,0.0,0.0,0.0,0.0010492445439283715,0.0,0.0,0.0,0.0,0.0,0.0,0.0014689423614997201,0.23642977056519307,0.0,0.001748740906547286,0.0,0.0,6.994963626189144e-05,0.0,0.0,0.0,0.0,0.0,0.00097929490766648,0.004266927811975378,0.0,0.0,0.0,0.0,0.0,0.0,0.3411443760492445,0.0,0.0,0.00041969781757134864,0.0,0.0002797985450475658,0.41032456631225517,0.0,0.0,0.0
pars_lateralis,0.000386349001931745,0.0,0.0,0.0,0.00901481004507405,0.0,0.0,0.0,0.0,0.0,0.0,0.00077269800386349,0.11371538956857695,0.0,0.10534449452672247,0.0,0.0,0.0,0.0,0.0,0.0,0.0,0.0,0.006954282034771411,0.0,0.0,0.0,0.0,0.0,0.00077269800386349,0.0,0.00669671603348358,0.0,0.05254346426271732,0.0,0.0025756600128783,0.04056664520283323,0.6603992273019962,0.00025756600128783,0.0,0.0
thermosensory,0.9772934386391251,0.0,0.0,0.0,0.0,0.0,0.0,0.0,0.0,0.0,0.0,0.0,0.0,0.0,0.003721142162818955,0.0,0.0,0.0,0.0,0.0,0.0,0.0,0.0,0.0,0.0,0.0,0.0,0.0,0.0,0.0,0.0,0.0,0.0,0.0,0.0,0.0,0.0,0.0,0.0,0.018985419198055895,0.0
unclassified:central,0.0007489610968485305,1.5090633252782166e-05,0.006673066234823045,0.012148637668030296,0.004040045471143275,0.16443481997390322,0.0002507344083621443,0.0010431400235985672,0.029744080249629726,1.4766420428991924e-05,0.005628894624966963,0.0007417399930459297,0.010690770495017866,0.00033072655415911854,0.09171538676629865,0.008098895286066386,0.013927269219343563,0.0408258808840317,0.039159279600284494,0.043603559514908054,0.03880945396341482,0.0003634425754688611,4.1086606942145196e-05,0.003563629463530051,0.0019239673180505106,0.0002287174102374797,0.0012811122362606047,3.10360094046477e-05,6.372255682131845e-05,0.00021035517485372328,0.05866672309934727,0.015606868489935446,0.07243309433641165,0.02503002579171961,0.0340005819914926,0.021314252092152722,0.06426325538972136,0.08540364098664328,0.05097058856210758,0.025278520184208293,0.026680180643132725
unclassified:descending,0.003155673216029731,8.61546689972079e-06,0.009689987931453967,0.0011427555295789656,0.0010665948021854339,0.031927197236985304,0.00016645082050260567,0.0035716279579482506,0.0018278574574447628,1.723093379944158e-05,0.008817758062526234,0.0006947512507934845,0.01721611519637406,6.340983638194501e-05,0.39330226710842187,0.014803095227100261,0.01632493130026694,0.03078995560622216,0.08884924242476458,0.03646134515697036,0.00045972131376910137,0.0021542113436061865,1.6541696447463918e-05,0.0001929864585537457,9.649322927687285e-05,7.96069141534201e-05,0.00010062865338873882,0.0003721881700679381,0.00014542908126728693,9.545937324890635e-05,0.022479131616075496,0.0068286190647186985,0.02707634475376651,0.06019075332953334,0.005277835022768956,0.0029175417109214485,0.0022400213939274055,0.01086306990451995,0.11496582416590219,0.059011468220299554,0.02453926206113673
unclassified:endocrine,0.0,0.0,0.0,0.0,0.0,0.0,0.0,0.0,0.0,0.0,0.0,0.0,0.5921463632307006,0.0,0.20258813029897368,0.0,0.0,0.0,0.0,0.0,0.0,0.0,0.0,0.0,0.0,0.0,0.0,0.0,0.0,0.0,0.0,0.03435966086568496,0.0,0.17090584560464078,0.0,0.0,0.0,0.0,0.0,0.0,0.0
unclassified:motor,0.0072992700729927005,0.0,0.0,0.0,0.0,0.0,0.0,0.014598540145985401,0.0,0.0,0.0,0.0,0.4781021897810219,0.0,0.08029197080291971,0.0,0.0,0.0,0.010948905109489052,0.0,0.0,0.0,0.0,0.0,0.0,0.0,0.0,0.0,0.0,0.0,0.0,0.014598540145985401,0.0,0.39416058394160586,0.0,0.0,0.0,0.0,0.0,0.0,0.0
unclassified:optic,0.0,0.07518543492919758,0.0,0.0,0.0,0.0,0.0,0.0,0.0,0.0,0.0,0.0,0.0,0.0,0.0,0.0,0.0,0.0,0.0,0.0,0.0,0.08698583951449763,0.0,0.0,0.0,0.0,0.0,0.7855697909642616,0.0,0.0,0.04079568442346595,0.0,0.011463250168577209,0.0,0.0,0.0,0.0,0.0,0.0,0.0,0.0
unclassified:sensory,0.0,0.0,0.09009009009009009,0.0,0.0,0.0,0.0,0.0,0.0,0.0,0.0,0.0,0.0,0.0,0.07207207207207207,0.0,0.0,0.0,0.0,0.0,0.0,0.0,0.0,0.0,0.0,0.0,0.0,0.0,0.0,0.0,0.0,0.0,0.0,0.8378378378378378,0.0,0.0,0.0,0.0,0.0,0.0,0.0
unclassified:visual_centrifugal,2.267791003307317e-05,0.002384838280897372,0.00018581255317421243,0.0019034813518082707,0.002846443481893152,0.017274715081322254,3.5114183277016525e-05,0.001498936698637643,0.0014155405133547286,0.0,0.003013967397943918,0.000455752837116277,0.0006313237535013595,4.535582006614634e-05,0.0092438087476746,0.003761606883550395,0.025211252047412924,0.012137802686088712,0.03344479648038836,0.00854810899149871,0.0010958551364368906,0.33738146219848436,0.11940212250607,0.0002779872842763808,3.657727424689221e-06,5.047663846071125e-05,3.072491036738946e-05,0.20772892435746532,2.194636454813533e-06,0.0006474177541699921,0.05825296696560053,7.315454849378442e-07,0.03835639286626105,0.0032158739517867633,0.0028866784835647336,0.0019590788086635467,0.0008434719441333344,0.007847288416928255,0.08394118666919294,0.007799006414922358,0.004215165084211859
unclassified:visual_projection,1.0047137821613069e-05,0.0009621808987164782,2.0094275643226135e-06,0.040227623489091875,0.000204849976696222,0.02003845821088384,0.0,2.121062429007203e-06,0.001017998331058773,0.0,0.002046825243991951,5.470108369544893e-06,3.148103184105428e-05,1.6968499432057624e-05,0.0003986481017886696,0.0006549617511044874,0.003025193198087695,0.006613026114185721,0.00535400811027292,0.0055224651210819655,0.0028354139281238926,0.4104428834169199,0.11837493127478643,0.0007985241870888697,1.1163486468458965e-06,1.1833295656566502e-05,5.7045415853825307e-05,0.13419459631437494,0.0,0.00014199954787879801,0.07873473044366486,0.0,0.12412848056576549,9.645252308748545e-05,0.007582686548836067,0.0005500249783009732,0.003992844205173718,0.0009649717703335929,0.026187864732034462,0.003792347988200195,0.000976916700854844
unknown_sensory,0.0,0.0,0.00023094203354957906,0.0,0.0,0.0,0.0,0.0,0.0,0.0,0.0,0.0,0.07213789338875942,0.0,0.4076966681362978,0.0,0.0,0.0,0.0012806785496840294,0.0,0.0,0.0,0.0,0.0,0.0,0.0,0.0,0.0,0.0,0.0,0.0,0.5088702735613361,0.0,0.008964749847788205,0.0,0.0,0.0,0.0008187944825848712,0.0,0.0,0.0
visual,0.0,0.0012345049227159108,0.0,0.0,0.0,0.0,0.0,0.0,0.0,0.0,0.0,0.0,0.0,0.0,0.0,0.0,0.0,0.0,0.0,0.0,0.0,0.0,0.0,0.0,0.0,0.0,0.0,0.9987654950772841,0.0,0.0,0.0,0.0,0.0,0.0,0.0,0.0,0.0,0.0,0.0,0.0,0.0
